datetime_utc,lat,lon,current_u_mps,current_v_mps,wind_u_10m_mps,wind_v_10m_mps
2026-08-13T18:17:00,19.0,71.0,0.392,0.205,4.083,2.43
2026-08-13T18:17:00,19.0,71.1,0.36,0.194,3.804,2.582
2026-08-13T18:17:00,19.0,71.2,0.38,0.242,3.848,2.471
2026-08-13T18:17:00,19.0,71.3,0.395,0.206,3.777,2.493
2026-08-13T18:17:00,19.0,71.4,0.396,0.232,4.024,2.427
2026-08-13T18:17:00,19.0,71.5,0.381,0.217,3.989,2.449
2026-08-13T18:17:00,19.0,71.6,0.402,0.181,3.877,2.342
2026-08-13T18:17:00,19.0,71.7,0.344,0.196,3.96,2.262
2026-08-13T18:17:00,19.0,71.8,0.385,0.155,3.976,2.5
2026-08-13T18:17:00,19.0,71.9,0.396,0.171,4.007,2.525
2026-08-13T18:17:00,19.0,72.0,0.392,0.174,3.925,2.226
2026-08-13T18:17:00,19.0,72.1,0.349,0.13,4.231,2.492
2026-08-13T18:17:00,19.1,71.0,0.365,0.223,3.958,2.199
2026-08-13T18:17:00,19.1,71.1,0.375,0.233,3.902,2.478
2026-08-13T18:17:00,19.1,71.2,0.374,0.206,3.861,2.504
2026-08-13T18:17:00,19.1,71.3,0.382,0.241,3.951,2.541
2026-08-13T18:17:00,19.1,71.4,0.358,0.237,3.903,2.51
2026-08-13T18:17:00,19.1,71.5,0.377,0.194,3.722,2.505
2026-08-13T18:17:00,19.1,71.6,0.362,0.178,3.874,2.391
2026-08-13T18:17:00,19.1,71.7,0.409,0.181,3.857,2.449
2026-08-13T18:17:00,19.1,71.8,0.401,0.171,4.015,2.234
2026-08-13T18:17:00,19.1,71.9,0.392,0.131,3.913,2.468
2026-08-13T18:17:00,19.1,72.0,0.364,0.167,4.049,2.469
2026-08-13T18:17:00,19.1,72.1,0.359,0.151,4.161,2.325
2026-08-13T18:17:00,19.2,71.0,0.421,0.205,3.839,2.209
2026-08-13T18:17:00,19.2,71.1,0.386,0.189,3.908,2.463
2026-08-13T18:17:00,19.2,71.2,0.375,0.231,3.994,2.229
2026-08-13T18:17:00,19.2,71.3,0.405,0.209,3.769,2.283
2026-08-13T18:17:00,19.2,71.4,0.399,0.194,4.033,2.249
2026-08-13T18:17:00,19.2,71.5,0.381,0.219,3.939,2.264
2026-08-13T18:17:00,19.2,71.6,0.417,0.225,3.847,2.49
2026-08-13T18:17:00,19.2,71.7,0.385,0.165,4.11,2.497
2026-08-13T18:17:00,19.2,71.8,0.388,0.156,4.053,2.182
2026-08-13T18:17:00,19.2,71.9,0.407,0.166,3.871,2.276
2026-08-13T18:17:00,19.2,72.0,0.402,0.124,4.203,2.232
2026-08-13T18:17:00,19.2,72.1,0.395,0.117,4.305,2.394
2026-08-13T18:17:00,19.3,71.0,0.408,0.184,4.1,2.253
2026-08-13T18:17:00,19.3,71.1,0.392,0.221,3.969,2.148
2026-08-13T18:17:00,19.3,71.2,0.411,0.228,3.864,2.351
2026-08-13T18:17:00,19.3,71.3,0.409,0.205,3.96,2.141
2026-08-13T18:17:00,19.3,71.4,0.419,0.19,3.991,2.133
2026-08-13T18:17:00,19.3,71.5,0.376,0.182,3.78,2.166
2026-08-13T18:17:00,19.3,71.6,0.385,0.197,3.791,2.368
2026-08-13T18:17:00,19.3,71.7,0.387,0.156,3.929,2.169
2026-08-13T18:17:00,19.3,71.8,0.425,0.162,3.764,2.355
2026-08-13T18:17:00,19.3,71.9,0.423,0.181,4.071,2.146
2026-08-13T18:17:00,19.3,72.0,0.374,0.152,4.142,2.127
2026-08-13T18:17:00,19.3,72.1,0.384,0.128,4.303,2.205
2026-08-13T18:17:00,19.4,71.0,0.398,0.188,3.894,2.052
2026-08-13T18:17:00,19.4,71.1,0.387,0.236,3.904,2.331
2026-08-13T18:17:00,19.4,71.2,0.376,0.235,3.761,2.377
2026-08-13T18:17:00,19.4,71.3,0.41,0.199,3.86,2.211
2026-08-13T18:17:00,19.4,71.4,0.407,0.236,3.74,2.362
2026-08-13T18:17:00,19.4,71.5,0.381,0.2,4.085,2.145
2026-08-13T18:17:00,19.4,71.6,0.393,0.217,4.03,2.295
2026-08-13T18:17:00,19.4,71.7,0.418,0.161,4.009,2.059
2026-08-13T18:17:00,19.4,71.8,0.426,0.152,3.929,2.272
2026-08-13T18:17:00,19.4,71.9,0.418,0.171,3.876,2.188
2026-08-13T18:17:00,19.4,72.0,0.391,0.123,4.126,2.371
2026-08-13T18:17:00,19.4,72.1,0.428,0.122,4.276,2.081
2026-08-13T18:17:00,19.5,71.0,0.391,0.185,3.928,2.106
2026-08-13T18:17:00,19.5,71.1,0.409,0.229,4.086,2.211
2026-08-13T18:17:00,19.5,71.2,0.4,0.249,4.011,2.115
2026-08-13T18:17:00,19.5,71.3,0.398,0.231,3.756,2.245
2026-08-13T18:17:00,19.5,71.4,0.381,0.204,3.974,2.134
2026-08-13T18:17:00,19.5,71.5,0.417,0.209,4.096,2.002
2026-08-13T18:17:00,19.5,71.6,0.405,0.175,4.049,2.321
2026-08-13T18:17:00,19.5,71.7,0.419,0.158,3.928,2.076
2026-08-13T18:17:00,19.5,71.8,0.425,0.145,3.852,2.237
2026-08-13T18:17:00,19.5,71.9,0.391,0.145,3.987,2.3
2026-08-13T18:17:00,19.5,72.0,0.393,0.173,4.032,2.027
2026-08-13T18:17:00,19.5,72.1,0.396,0.154,3.949,2.145
2026-08-13T18:17:00,19.6,71.0,0.392,0.182,3.86,2.163
2026-08-13T18:17:00,19.6,71.1,0.396,0.206,3.982,2.004
2026-08-13T18:17:00,19.6,71.2,0.399,0.247,3.888,1.943
2026-08-13T18:17:00,19.6,71.3,0.372,0.216,3.941,2.169
2026-08-13T18:17:00,19.6,71.4,0.387,0.223,3.989,1.967
2026-08-13T18:17:00,19.6,71.5,0.404,0.189,3.837,2.253
2026-08-13T18:17:00,19.6,71.6,0.417,0.183,3.919,2.202
2026-08-13T18:17:00,19.6,71.7,0.362,0.164,3.787,2.208
2026-08-13T18:17:00,19.6,71.8,0.402,0.148,4.007,1.996
2026-08-13T18:17:00,19.6,71.9,0.415,0.154,3.987,2.234
2026-08-13T18:17:00,19.6,72.0,0.402,0.128,4.018,2.292
2026-08-13T18:17:00,19.6,72.1,0.409,0.15,4.216,2.101
2026-08-13T18:17:00,19.7,71.0,0.387,0.24,3.878,2.061
2026-08-13T18:17:00,19.7,71.1,0.38,0.191,4.153,2.197
2026-08-13T18:17:00,19.7,71.2,0.377,0.22,4.112,1.932
2026-08-13T18:17:00,19.7,71.3,0.383,0.232,3.769,2.016
2026-08-13T18:17:00,19.7,71.4,0.384,0.237,3.905,2.015
2026-08-13T18:17:00,19.7,71.5,0.407,0.231,4.005,1.971
2026-08-13T18:17:00,19.7,71.6,0.406,0.224,3.891,1.914
2026-08-13T18:17:00,19.7,71.7,0.373,0.196,4.03,1.981
2026-08-13T18:17:00,19.7,71.8,0.39,0.194,4.047,2.235
2026-08-13T18:17:00,19.7,71.9,0.386,0.143,4.053,1.977
2026-08-13T18:17:00,19.7,72.0,0.369,0.162,4.245,2.121
2026-08-13T18:17:00,19.7,72.1,0.405,0.145,4.185,1.99
2026-08-13T18:17:00,19.8,71.0,0.341,0.203,4.016,2.031
2026-08-13T18:17:00,19.8,71.1,0.374,0.213,4.078,2.139
2026-08-13T18:17:00,19.8,71.2,0.351,0.241,4.066,2.012
2026-08-13T18:17:00,19.8,71.3,0.336,0.197,3.986,1.883
2026-08-13T18:17:00,19.8,71.4,0.379,0.193,3.818,1.903
2026-08-13T18:17:00,19.8,71.5,0.385,0.217,3.819,2.104
2026-08-13T18:17:00,19.8,71.6,0.336,0.214,3.751,2.15
2026-08-13T18:17:00,19.8,71.7,0.379,0.206,4.028,2.027
2026-08-13T18:17:00,19.8,71.8,0.349,0.189,4.082,1.918
2026-08-13T18:17:00,19.8,71.9,0.374,0.186,3.959,2.185
2026-08-13T18:17:00,19.8,72.0,0.393,0.14,4.074,1.808
2026-08-13T18:17:00,19.8,72.1,0.349,0.152,4.22,2.151
2026-08-13T21:17:00,19.0,71.0,0.392,0.237,4.106,2.446
2026-08-13T21:17:00,19.0,71.1,0.387,0.221,4.02,2.497
2026-08-13T21:17:00,19.0,71.2,0.4,0.208,3.814,2.46
2026-08-13T21:17:00,19.0,71.3,0.353,0.199,3.923,2.337
2026-08-13T21:17:00,19.0,71.4,0.368,0.217,3.755,2.42
2026-08-13T21:17:00,19.0,71.5,0.357,0.196,3.984,2.248
2026-08-13T21:17:00,19.0,71.6,0.351,0.185,3.73,2.559
2026-08-13T21:17:00,19.0,71.7,0.379,0.194,3.927,2.416
2026-08-13T21:17:00,19.0,71.8,0.363,0.189,3.89,2.275
2026-08-13T21:17:00,19.0,71.9,0.353,0.135,4.006,2.353
2026-08-13T21:17:00,19.0,72.0,0.374,0.127,3.941,2.272
2026-08-13T21:17:00,19.0,72.1,0.362,0.136,3.995,2.488
2026-08-13T21:17:00,19.1,71.0,0.386,0.242,4.153,2.556
2026-08-13T21:17:00,19.1,71.1,0.355,0.228,3.957,2.525
2026-08-13T21:17:00,19.1,71.2,0.391,0.227,4.127,2.436
2026-08-13T21:17:00,19.1,71.3,0.373,0.243,4.095,2.317
2026-08-13T21:17:00,19.1,71.4,0.387,0.201,4.068,2.492
2026-08-13T21:17:00,19.1,71.5,0.377,0.224,3.879,2.181
2026-08-13T21:17:00,19.1,71.6,0.408,0.177,3.915,2.542
2026-08-13T21:17:00,19.1,71.7,0.364,0.211,3.946,2.166
2026-08-13T21:17:00,19.1,71.8,0.358,0.182,4.072,2.509
2026-08-13T21:17:00,19.1,71.9,0.38,0.137,4.019,2.444
2026-08-13T21:17:00,19.1,72.0,0.413,0.168,4.111,2.539
2026-08-13T21:17:00,19.1,72.1,0.399,0.124,4.091,2.296
2026-08-13T21:17:00,19.2,71.0,0.369,0.186,4.141,2.353
2026-08-13T21:17:00,19.2,71.1,0.398,0.202,3.882,2.284
2026-08-13T21:17:00,19.2,71.2,0.401,0.216,3.75,2.399
2026-08-13T21:17:00,19.2,71.3,0.395,0.227,3.965,2.432
2026-08-13T21:17:00,19.2,71.4,0.399,0.226,3.732,2.501
2026-08-13T21:17:00,19.2,71.5,0.37,0.223,3.821,2.164
2026-08-13T21:17:00,19.2,71.6,0.409,0.192,3.868,2.394
2026-08-13T21:17:00,19.2,71.7,0.392,0.186,3.785,2.286
2026-08-13T21:17:00,19.2,71.8,0.411,0.175,4.147,2.187
2026-08-13T21:17:00,19.2,71.9,0.404,0.186,4.122,2.421
2026-08-13T21:17:00,19.2,72.0,0.386,0.178,4.074,2.351
2026-08-13T21:17:00,19.2,72.1,0.371,0.115,4.146,2.344
2026-08-13T21:17:00,19.3,71.0,0.426,0.201,4.123,2.448
2026-08-13T21:17:00,19.3,71.1,0.389,0.213,4.037,2.291
2026-08-13T21:17:00,19.3,71.2,0.378,0.203,4.077,2.164
2026-08-13T21:17:00,19.3,71.3,0.38,0.237,4.058,2.427
2026-08-13T21:17:00,19.3,71.4,0.425,0.243,3.888,2.306
2026-08-13T21:17:00,19.3,71.5,0.386,0.18,3.74,2.377
2026-08-13T21:17:00,19.3,71.6,0.398,0.185,3.761,2.348
2026-08-13T21:17:00,19.3,71.7,0.375,0.191,4.091,2.213
2026-08-13T21:17:00,19.3,71.8,0.396,0.179,3.885,2.32
2026-08-13T21:17:00,19.3,71.9,0.403,0.153,3.93,2.258
2026-08-13T21:17:00,19.3,72.0,0.369,0.136,3.941,2.382
2026-08-13T21:17:00,19.3,72.1,0.395,0.165,3.961,2.379
2026-08-13T21:17:00,19.4,71.0,0.423,0.21,3.967,2.158
2026-08-13T21:17:00,19.4,71.1,0.403,0.198,4.022,2.373
2026-08-13T21:17:00,19.4,71.2,0.421,0.198,3.959,2.141
2026-08-13T21:17:00,19.4,71.3,0.423,0.193,3.748,2.043
2026-08-13T21:17:00,19.4,71.4,0.4,0.186,3.936,2.198
2026-08-13T21:17:00,19.4,71.5,0.405,0.23,3.921,2.253
2026-08-13T21:17:00,19.4,71.6,0.43,0.194,4.02,2.182
2026-08-13T21:17:00,19.4,71.7,0.383,0.2,4.024,2.152
2026-08-13T21:17:00,19.4,71.8,0.398,0.173,3.921,2.237
2026-08-13T21:17:00,19.4,71.9,0.41,0.182,4.126,2.281
2026-08-13T21:17:00,19.4,72.0,0.38,0.152,4.031,2.107
2026-08-13T21:17:00,19.4,72.1,0.427,0.154,4.295,2.33
2026-08-13T21:17:00,19.5,71.0,0.395,0.204,3.911,2.175
2026-08-13T21:17:00,19.5,71.1,0.37,0.21,3.796,2.063
2026-08-13T21:17:00,19.5,71.2,0.421,0.212,3.931,2.162
2026-08-13T21:17:00,19.5,71.3,0.369,0.247,3.847,2.261
2026-08-13T21:17:00,19.5,71.4,0.398,0.233,4.037,2.085
2026-08-13T21:17:00,19.5,71.5,0.399,0.186,3.962,2.126
2026-08-13T21:17:00,19.5,71.6,0.406,0.216,3.917,2.131
2026-08-13T21:17:00,19.5,71.7,0.421,0.185,3.872,2.327
2026-08-13T21:17:00,19.5,71.8,0.396,0.171,4.004,2.181
2026-08-13T21:17:00,19.5,71.9,0.375,0.141,3.835,2.237
2026-08-13T21:17:00,19.5,72.0,0.379,0.132,3.998,2.267
2026-08-13T21:17:00,19.5,72.1,0.374,0.128,4.232,2.268
2026-08-13T21:17:00,19.6,71.0,0.388,0.211,3.908,1.985
2026-08-13T21:17:00,19.6,71.1,0.409,0.189,3.796,2.15
2026-08-13T21:17:00,19.6,71.2,0.369,0.228,3.759,2.15
2026-08-13T21:17:00,19.6,71.3,0.362,0.204,3.789,2.304
2026-08-13T21:17:00,19.6,71.4,0.395,0.217,3.71,2.209
2026-08-13T21:17:00,19.6,71.5,0.399,0.193,3.735,2.101
2026-08-13T21:17:00,19.6,71.6,0.418,0.218,3.778,2.253
2026-08-13T21:17:00,19.6,71.7,0.395,0.202,4.059,1.994
2026-08-13T21:17:00,19.6,71.8,0.398,0.158,4.052,2.058
2026-08-13T21:17:00,19.6,71.9,0.386,0.166,3.896,2.075
2026-08-13T21:17:00,19.6,72.0,0.365,0.133,4.197,2.123
2026-08-13T21:17:00,19.6,72.1,0.384,0.123,3.946,2.111
2026-08-13T21:17:00,19.7,71.0,0.385,0.185,4.137,2.062
2026-08-13T21:17:00,19.7,71.1,0.355,0.217,3.831,2.102
2026-08-13T21:17:00,19.7,71.2,0.397,0.244,4.053,2.121
2026-08-13T21:17:00,19.7,71.3,0.379,0.211,3.735,2.073
2026-08-13T21:17:00,19.7,71.4,0.362,0.232,4.019,2.014
2026-08-13T21:17:00,19.7,71.5,0.383,0.22,4.005,2.14
2026-08-13T21:17:00,19.7,71.6,0.354,0.174,3.901,1.954
2026-08-13T21:17:00,19.7,71.7,0.399,0.171,4.082,2.025
2026-08-13T21:17:00,19.7,71.8,0.359,0.185,4.078,2.092
2026-08-13T21:17:00,19.7,71.9,0.355,0.131,4.066,2.136
2026-08-13T21:17:00,19.7,72.0,0.367,0.143,3.915,2.122
2026-08-13T21:17:00,19.7,72.1,0.363,0.166,4.077,2.007
2026-08-13T21:17:00,19.8,71.0,0.351,0.223,4.126,1.968
2026-08-13T21:17:00,19.8,71.1,0.381,0.217,3.927,2.025
2026-08-13T21:17:00,19.8,71.2,0.35,0.208,3.881,2.085
2026-08-13T21:17:00,19.8,71.3,0.378,0.24,3.981,2.102
2026-08-13T21:17:00,19.8,71.4,0.361,0.226,3.768,1.889
2026-08-13T21:17:00,19.8,71.5,0.358,0.196,3.921,2.082
2026-08-13T21:17:00,19.8,71.6,0.377,0.175,4.096,1.805
2026-08-13T21:17:00,19.8,71.7,0.34,0.163,4.101,1.977
2026-08-13T21:17:00,19.8,71.8,0.338,0.155,3.795,1.818
2026-08-13T21:17:00,19.8,71.9,0.357,0.19,4.049,2.011
2026-08-13T21:17:00,19.8,72.0,0.377,0.157,4.231,2.131
2026-08-13T21:17:00,19.8,72.1,0.373,0.141,3.988,2.066
2026-08-14T00:17:00,19.0,71.0,0.39,0.2,3.837,2.426
2026-08-14T00:17:00,19.0,71.1,0.373,0.202,3.847,2.201
2026-08-14T00:17:00,19.0,71.2,0.356,0.19,3.806,2.585
2026-08-14T00:17:00,19.0,71.3,0.389,0.21,3.875,2.421
2026-08-14T00:17:00,19.0,71.4,0.373,0.228,3.73,2.223
2026-08-14T00:17:00,19.0,71.5,0.359,0.226,4.066,2.326
2026-08-14T00:17:00,19.0,71.6,0.4,0.182,3.952,2.264
2026-08-14T00:17:00,19.0,71.7,0.398,0.188,3.835,2.349
2026-08-14T00:17:00,19.0,71.8,0.348,0.146,3.88,2.565
2026-08-14T00:17:00,19.0,71.9,0.39,0.188,4.154,2.512
2026-08-14T00:17:00,19.0,72.0,0.376,0.163,4.239,2.412
2026-08-14T00:17:00,19.0,72.1,0.388,0.16,4.292,2.37
2026-08-14T00:17:00,19.1,71.0,0.382,0.218,3.835,2.21
2026-08-14T00:17:00,19.1,71.1,0.358,0.226,4.177,2.434
2026-08-14T00:17:00,19.1,71.2,0.368,0.209,4.125,2.37
2026-08-14T00:17:00,19.1,71.3,0.355,0.238,3.817,2.2
2026-08-14T00:17:00,19.1,71.4,0.395,0.233,3.733,2.536
2026-08-14T00:17:00,19.1,71.5,0.383,0.197,4.058,2.271
2026-08-14T00:17:00,19.1,71.6,0.411,0.207,4.074,2.363
2026-08-14T00:17:00,19.1,71.7,0.366,0.198,4.08,2.246
2026-08-14T00:17:00,19.1,71.8,0.366,0.157,4.01,2.226
2026-08-14T00:17:00,19.1,71.9,0.361,0.186,4.074,2.429
2026-08-14T00:17:00,19.1,72.0,0.391,0.167,4.069,2.18
2026-08-14T00:17:00,19.1,72.1,0.383,0.152,4.104,2.557
2026-08-14T00:17:00,19.2,71.0,0.417,0.234,4.02,2.523
2026-08-14T00:17:00,19.2,71.1,0.418,0.205,3.868,2.36
2026-08-14T00:17:00,19.2,71.2,0.367,0.238,3.934,2.346
2026-08-14T00:17:00,19.2,71.3,0.394,0.212,3.992,2.199
2026-08-14T00:17:00,19.2,71.4,0.422,0.226,3.887,2.405
2026-08-14T00:17:00,19.2,71.5,0.364,0.188,3.933,2.259
2026-08-14T00:17:00,19.2,71.6,0.4,0.181,3.929,2.224
2026-08-14T00:17:00,19.2,71.7,0.392,0.191,3.877,2.329
2026-08-14T00:17:00,19.2,71.8,0.376,0.184,3.911,2.471
2026-08-14T00:17:00,19.2,71.9,0.38,0.142,3.856,2.36
2026-08-14T00:17:00,19.2,72.0,0.377,0.127,3.961,2.224
2026-08-14T00:17:00,19.2,72.1,0.389,0.137,3.966,2.513
2026-08-14T00:17:00,19.3,71.0,0.378,0.231,3.894,2.286
2026-08-14T00:17:00,19.3,71.1,0.429,0.239,3.986,2.374
2026-08-14T00:17:00,19.3,71.2,0.416,0.208,3.968,2.313
2026-08-14T00:17:00,19.3,71.3,0.393,0.23,3.741,2.412
2026-08-14T00:17:00,19.3,71.4,0.397,0.221,3.883,2.22
2026-08-14T00:17:00,19.3,71.5,0.39,0.209,4.073,2.189
2026-08-14T00:17:00,19.3,71.6,0.37,0.173,4.057,2.472
2026-08-14T00:17:00,19.3,71.7,0.381,0.189,3.991,2.156
2026-08-14T00:17:00,19.3,71.8,0.416,0.163,4.032,2.281
2026-08-14T00:17:00,19.3,71.9,0.413,0.184,3.956,2.201
2026-08-14T00:17:00,19.3,72.0,0.407,0.13,3.92,2.409
2026-08-14T00:17:00,19.3,72.1,0.389,0.152,4.136,2.426
2026-08-14T00:17:00,19.4,71.0,0.374,0.192,3.915,2.163
2026-08-14T00:17:00,19.4,71.1,0.387,0.204,4.037,2.144
2026-08-14T00:17:00,19.4,71.2,0.397,0.242,3.888,2.271
2026-08-14T00:17:00,19.4,71.3,0.428,0.213,3.791,2.045
2026-08-14T00:17:00,19.4,71.4,0.414,0.223,4.079,2.316
2026-08-14T00:17:00,19.4,71.5,0.375,0.186,3.742,2.061
2026-08-14T00:17:00,19.4,71.6,0.423,0.198,3.72,2.195
2026-08-14T00:17:00,19.4,71.7,0.416,0.159,3.836,2.098
2026-08-14T00:17:00,19.4,71.8,0.409,0.195,3.886,2.135
2026-08-14T00:17:00,19.4,71.9,0.387,0.168,3.856,2.371
2026-08-14T00:17:00,19.4,72.0,0.372,0.161,4.197,2.166
2026-08-14T00:17:00,19.4,72.1,0.398,0.173,4.124,2.145
2026-08-14T00:17:00,19.5,71.0,0.393,0.241,4.103,2.051
2026-08-14T00:17:00,19.5,71.1,0.402,0.226,4.033,2.206
2026-08-14T00:17:00,19.5,71.2,0.398,0.228,3.867,2.119
2026-08-14T00:17:00,19.5,71.3,0.399,0.237,3.894,2.126
2026-08-14T00:17:00,19.5,71.4,0.382,0.202,3.703,2.306
2026-08-14T00:17:00,19.5,71.5,0.417,0.196,3.888,1.983
2026-08-14T00:17:00,19.5,71.6,0.422,0.222,3.901,1.984
2026-08-14T00:17:00,19.5,71.7,0.392,0.172,3.823,1.983
2026-08-14T00:17:00,19.5,71.8,0.389,0.167,3.987,2.138
2026-08-14T00:17:00,19.5,71.9,0.376,0.175,3.96,2.131
2026-08-14T00:17:00,19.5,72.0,0.382,0.147,3.949,2.286
2026-08-14T00:17:00,19.5,72.1,0.421,0.163,4.181,2.094
2026-08-14T00:17:00,19.6,71.0,0.403,0.231,3.989,2.262
2026-08-14T00:17:00,19.6,71.1,0.37,0.205,4.034,2.168
2026-08-14T00:17:00,19.6,71.2,0.375,0.227,3.818,1.929
2026-08-14T00:17:00,19.6,71.3,0.362,0.221,3.792,1.962
2026-08-14T00:17:00,19.6,71.4,0.375,0.227,3.994,2.014
2026-08-14T00:17:00,19.6,71.5,0.368,0.205,3.837,2.046
2026-08-14T00:17:00,19.6,71.6,0.407,0.225,3.895,2.238
2026-08-14T00:17:00,19.6,71.7,0.379,0.205,4.112,1.943
2026-08-14T00:17:00,19.6,71.8,0.405,0.146,3.951,1.998
2026-08-14T00:17:00,19.6,71.9,0.409,0.18,4.135,1.97
2026-08-14T00:17:00,19.6,72.0,0.405,0.136,4.161,2.098
2026-08-14T00:17:00,19.6,72.1,0.403,0.116,4.092,2.229
2026-08-14T00:17:00,19.7,71.0,0.379,0.241,4.013,2.134
2026-08-14T00:17:00,19.7,71.1,0.367,0.207,4.031,1.878
2026-08-14T00:17:00,19.7,71.2,0.404,0.221,3.844,2.116
2026-08-14T00:17:00,19.7,71.3,0.36,0.242,4.063,1.948
2026-08-14T00:17:00,19.7,71.4,0.355,0.222,3.833,1.928
2026-08-14T00:17:00,19.7,71.5,0.364,0.183,4.016,1.865
2026-08-14T00:17:00,19.7,71.6,0.35,0.213,3.9,2.1
2026-08-14T00:17:00,19.7,71.7,0.37,0.159,3.794,1.898
2026-08-14T00:17:00,19.7,71.8,0.385,0.198,4.161,2.111
2026-08-14T00:17:00,19.7,71.9,0.351,0.169,4.084,2.178
2026-08-14T00:17:00,19.7,72.0,0.355,0.135,4.245,2.177
2026-08-14T00:17:00,19.7,72.1,0.393,0.163,4.083,1.938
2026-08-14T00:17:00,19.8,71.0,0.376,0.204,3.878,2.162
2026-08-14T00:17:00,19.8,71.1,0.363,0.214,3.897,2.082
2026-08-14T00:17:00,19.8,71.2,0.346,0.201,3.882,2.096
2026-08-14T00:17:00,19.8,71.3,0.351,0.238,4.083,2.025
2026-08-14T00:17:00,19.8,71.4,0.338,0.193,3.821,1.908
2026-08-14T00:17:00,19.8,71.5,0.356,0.176,3.956,1.954
2026-08-14T00:17:00,19.8,71.6,0.345,0.167,4.053,2.113
2026-08-14T00:17:00,19.8,71.7,0.349,0.197,3.994,2.018
2026-08-14T00:17:00,19.8,71.8,0.358,0.173,3.962,2.023
2026-08-14T00:17:00,19.8,71.9,0.371,0.15,4.06,1.847
2026-08-14T00:17:00,19.8,72.0,0.366,0.125,4.187,1.855
2026-08-14T00:17:00,19.8,72.1,0.387,0.126,4.102,1.842
2026-08-14T03:17:00,19.0,71.0,0.376,0.233,4.087,2.397
2026-08-14T03:17:00,19.0,71.1,0.384,0.203,3.926,2.429
2026-08-14T03:17:00,19.0,71.2,0.346,0.246,3.827,2.383
2026-08-14T03:17:00,19.0,71.3,0.395,0.193,4.038,2.211
2026-08-14T03:17:00,19.0,71.4,0.375,0.24,3.869,2.334
2026-08-14T03:17:00,19.0,71.5,0.384,0.225,3.807,2.203
2026-08-14T03:17:00,19.0,71.6,0.346,0.184,4.088,2.571
2026-08-14T03:17:00,19.0,71.7,0.348,0.197,3.944,2.262
2026-08-14T03:17:00,19.0,71.8,0.373,0.157,4.013,2.258
2026-08-14T03:17:00,19.0,71.9,0.387,0.156,3.846,2.442
2026-08-14T03:17:00,19.0,72.0,0.363,0.149,4.119,2.54
2026-08-14T03:17:00,19.0,72.1,0.352,0.125,4.068,2.322
2026-08-14T03:17:00,19.1,71.0,0.364,0.242,4.001,2.304
2026-08-14T03:17:00,19.1,71.1,0.373,0.247,3.909,2.312
2026-08-14T03:17:00,19.1,71.2,0.4,0.216,4.033,2.407
2026-08-14T03:17:00,19.1,71.3,0.388,0.201,4.024,2.534
2026-08-14T03:17:00,19.1,71.4,0.369,0.241,3.882,2.322
2026-08-14T03:17:00,19.1,71.5,0.398,0.235,3.939,2.37
2026-08-14T03:17:00,19.1,71.6,0.414,0.184,3.83,2.252
2026-08-14T03:17:00,19.1,71.7,0.405,0.155,4.06,2.439
2026-08-14T03:17:00,19.1,71.8,0.371,0.175,3.985,2.534
2026-08-14T03:17:00,19.1,71.9,0.363,0.133,3.946,2.219
2026-08-14T03:17:00,19.1,72.0,0.376,0.156,3.946,2.488
2026-08-14T03:17:00,19.1,72.1,0.36,0.138,4.275,2.457
2026-08-14T03:17:00,19.2,71.0,0.407,0.23,3.893,2.46
2026-08-14T03:17:00,19.2,71.1,0.405,0.222,4.142,2.367
2026-08-14T03:17:00,19.2,71.2,0.381,0.234,3.974,2.161
2026-08-14T03:17:00,19.2,71.3,0.367,0.235,3.857,2.456
2026-08-14T03:17:00,19.2,71.4,0.388,0.236,4.051,2.22
2026-08-14T03:17:00,19.2,71.5,0.403,0.212,3.705,2.44
2026-08-14T03:17:00,19.2,71.6,0.386,0.184,3.726,2.345
2026-08-14T03:17:00,19.2,71.7,0.372,0.184,3.819,2.149
2026-08-14T03:17:00,19.2,71.8,0.407,0.166,3.941,2.367
2026-08-14T03:17:00,19.2,71.9,0.394,0.144,3.92,2.287
2026-08-14T03:17:00,19.2,72.0,0.371,0.126,4.081,2.149
2026-08-14T03:17:00,19.2,72.1,0.387,0.119,4.108,2.439
2026-08-14T03:17:00,19.3,71.0,0.377,0.19,4.047,2.281
2026-08-14T03:17:00,19.3,71.1,0.408,0.2,4.025,2.381
2026-08-14T03:17:00,19.3,71.2,0.384,0.194,4.054,2.216
2026-08-14T03:17:00,19.3,71.3,0.424,0.194,3.986,2.256
2026-08-14T03:17:00,19.3,71.4,0.39,0.203,3.941,2.096
2026-08-14T03:17:00,19.3,71.5,0.387,0.235,3.947,2.482
2026-08-14T03:17:00,19.3,71.6,0.395,0.174,3.728,2.414
2026-08-14T03:17:00,19.3,71.7,0.381,0.176,4.034,2.427
2026-08-14T03:17:00,19.3,71.8,0.376,0.145,4.142,2.457
2026-08-14T03:17:00,19.3,71.9,0.421,0.18,3.809,2.364
2026-08-14T03:17:00,19.3,72.0,0.375,0.148,3.862,2.17
2026-08-14T03:17:00,19.3,72.1,0.401,0.127,4.117,2.19
2026-08-14T03:17:00,19.4,71.0,0.399,0.226,3.88,2.315
2026-08-14T03:17:00,19.4,71.1,0.371,0.223,4.044,2.053
2026-08-14T03:17:00,19.4,71.2,0.38,0.207,4.059,2.283
2026-08-14T03:17:00,19.4,71.3,0.373,0.228,3.721,2.191
2026-08-14T03:17:00,19.4,71.4,0.386,0.235,3.967,2.382
2026-08-14T03:17:00,19.4,71.5,0.371,0.228,3.96,2.128
2026-08-14T03:17:00,19.4,71.6,0.393,0.224,3.75,2.162
2026-08-14T03:17:00,19.4,71.7,0.422,0.186,3.805,2.236
2026-08-14T03:17:00,19.4,71.8,0.397,0.198,3.771,2.135
2026-08-14T03:17:00,19.4,71.9,0.402,0.151,3.961,2.099
2026-08-14T03:17:00,19.4,72.0,0.391,0.142,4.103,2.13
2026-08-14T03:17:00,19.4,72.1,0.429,0.144,4.232,2.286
2026-08-14T03:17:00,19.5,71.0,0.419,0.236,4.15,1.992
2026-08-14T03:17:00,19.5,71.1,0.4,0.205,3.84,2.339
2026-08-14T03:17:00,19.5,71.2,0.406,0.195,3.896,2.364
2026-08-14T03:17:00,19.5,71.3,0.403,0.226,3.808,2.076
2026-08-14T03:17:00,19.5,71.4,0.376,0.242,4.067,2.112
2026-08-14T03:17:00,19.5,71.5,0.399,0.188,3.756,2.197
2026-08-14T03:17:00,19.5,71.6,0.414,0.217,3.833,2.262
2026-08-14T03:17:00,19.5,71.7,0.398,0.162,4.129,2.37
2026-08-14T03:17:00,19.5,71.8,0.375,0.198,4.129,2.107
2026-08-14T03:17:00,19.5,71.9,0.4,0.188,3.851,2.107
2026-08-14T03:17:00,19.5,72.0,0.419,0.165,4.159,2.332
2026-08-14T03:17:00,19.5,72.1,0.391,0.139,4.085,2.354
2026-08-14T03:17:00,19.6,71.0,0.413,0.238,3.933,2.233
2026-08-14T03:17:00,19.6,71.1,0.365,0.199,4.084,2.166
2026-08-14T03:17:00,19.6,71.2,0.375,0.224,3.835,2.014
2026-08-14T03:17:00,19.6,71.3,0.4,0.21,3.993,2.112
2026-08-14T03:17:00,19.6,71.4,0.389,0.22,3.988,2.071
2026-08-14T03:17:00,19.6,71.5,0.41,0.205,3.756,1.998
2026-08-14T03:17:00,19.6,71.6,0.361,0.211,3.716,2.029
2026-08-14T03:17:00,19.6,71.7,0.384,0.198,4.126,2.224
2026-08-14T03:17:00,19.6,71.8,0.363,0.198,4.157,2.268
2026-08-14T03:17:00,19.6,71.9,0.388,0.15,3.987,2.02
2026-08-14T03:17:00,19.6,72.0,0.383,0.124,4.147,2.073
2026-08-14T03:17:00,19.6,72.1,0.378,0.151,4.205,2.158
2026-08-14T03:17:00,19.7,71.0,0.379,0.235,4.138,2.069
2026-08-14T03:17:00,19.7,71.1,0.375,0.237,3.796,2.259
2026-08-14T03:17:00,19.7,71.2,0.379,0.214,4.037,2.084
2026-08-14T03:17:00,19.7,71.3,0.379,0.226,3.737,1.978
2026-08-14T03:17:00,19.7,71.4,0.372,0.202,4.034,2.046
2026-08-14T03:17:00,19.7,71.5,0.373,0.213,3.722,2.068
2026-08-14T03:17:00,19.7,71.6,0.356,0.215,3.891,2.15
2026-08-14T03:17:00,19.7,71.7,0.355,0.201,4.106,2.14
2026-08-14T03:17:00,19.7,71.8,0.356,0.167,3.943,1.933
2026-08-14T03:17:00,19.7,71.9,0.383,0.174,3.884,2.043
2026-08-14T03:17:00,19.7,72.0,0.363,0.163,4.216,2.18
2026-08-14T03:17:00,19.7,72.1,0.391,0.122,3.953,2.041
2026-08-14T03:17:00,19.8,71.0,0.356,0.214,3.977,2.119
2026-08-14T03:17:00,19.8,71.1,0.365,0.245,3.93,1.955
2026-08-14T03:17:00,19.8,71.2,0.38,0.245,3.969,2.067
2026-08-14T03:17:00,19.8,71.3,0.343,0.241,3.789,2.088
2026-08-14T03:17:00,19.8,71.4,0.359,0.202,4.01,1.981
2026-08-14T03:17:00,19.8,71.5,0.372,0.183,3.753,1.884
2026-08-14T03:17:00,19.8,71.6,0.372,0.181,3.893,2.145
2026-08-14T03:17:00,19.8,71.7,0.367,0.154,4.084,1.898
2026-08-14T03:17:00,19.8,71.8,0.37,0.171,3.927,1.835
2026-08-14T03:17:00,19.8,71.9,0.37,0.145,4.023,2.051
2026-08-14T03:17:00,19.8,72.0,0.368,0.171,3.872,1.862
2026-08-14T03:17:00,19.8,72.1,0.374,0.117,4.249,2.07
2026-08-14T06:17:00,19.0,71.0,0.392,0.2,4.192,2.206
2026-08-14T06:17:00,19.0,71.1,0.367,0.199,4.048,2.431
2026-08-14T06:17:00,19.0,71.2,0.383,0.226,4.058,2.257
2026-08-14T06:17:00,19.0,71.3,0.369,0.223,4.09,2.224
2026-08-14T06:17:00,19.0,71.4,0.36,0.206,3.855,2.214
2026-08-14T06:17:00,19.0,71.5,0.367,0.209,3.818,2.24
2026-08-14T06:17:00,19.0,71.6,0.383,0.182,3.921,2.396
2026-08-14T06:17:00,19.0,71.7,0.384,0.191,3.775,2.478
2026-08-14T06:17:00,19.0,71.8,0.38,0.201,3.956,2.462
2026-08-14T06:17:00,19.0,71.9,0.398,0.19,3.919,2.43
2026-08-14T06:17:00,19.0,72.0,0.361,0.153,4.251,2.328
2026-08-14T06:17:00,19.0,72.1,0.35,0.148,4.115,2.439
2026-08-14T06:17:00,19.1,71.0,0.384,0.193,4.067,2.447
2026-08-14T06:17:00,19.1,71.1,0.413,0.188,3.789,2.413
2026-08-14T06:17:00,19.1,71.2,0.361,0.241,4.063,2.563
2026-08-14T06:17:00,19.1,71.3,0.379,0.209,3.942,2.418
2026-08-14T06:17:00,19.1,71.4,0.355,0.196,3.816,2.479
2026-08-14T06:17:00,19.1,71.5,0.373,0.206,3.83,2.166
2026-08-14T06:17:00,19.1,71.6,0.395,0.186,4.0,2.41
2026-08-14T06:17:00,19.1,71.7,0.356,0.164,3.863,2.298
2026-08-14T06:17:00,19.1,71.8,0.394,0.197,4.081,2.421
2026-08-14T06:17:00,19.1,71.9,0.383,0.168,4.161,2.378
2026-08-14T06:17:00,19.1,72.0,0.374,0.168,4.018,2.46
2026-08-14T06:17:00,19.1,72.1,0.404,0.132,4.198,2.289
2026-08-14T06:17:00,19.2,71.0,0.396,0.195,4.098,2.449
2026-08-14T06:17:00,19.2,71.1,0.417,0.209,4.167,2.241
2026-08-14T06:17:00,19.2,71.2,0.365,0.249,3.994,2.466
2026-08-14T06:17:00,19.2,71.3,0.398,0.212,3.955,2.475
2026-08-14T06:17:00,19.2,71.4,0.408,0.226,3.829,2.142
2026-08-14T06:17:00,19.2,71.5,0.388,0.206,3.796,2.31
2026-08-14T06:17:00,19.2,71.6,0.42,0.179,3.831,2.174
2026-08-14T06:17:00,19.2,71.7,0.411,0.201,4.096,2.307
2026-08-14T06:17:00,19.2,71.8,0.365,0.171,3.963,2.205
2026-08-14T06:17:00,19.2,71.9,0.419,0.175,4.013,2.439
2026-08-14T06:17:00,19.2,72.0,0.372,0.174,4.182,2.504
2026-08-14T06:17:00,19.2,72.1,0.404,0.122,4.197,2.313
2026-08-14T06:17:00,19.3,71.0,0.412,0.214,3.825,2.459
2026-08-14T06:17:00,19.3,71.1,0.41,0.224,3.814,2.273
2026-08-14T06:17:00,19.3,71.2,0.372,0.221,4.007,2.211
2026-08-14T06:17:00,19.3,71.3,0.403,0.207,4.074,2.215
2026-08-14T06:17:00,19.3,71.4,0.38,0.2,3.831,2.263
2026-08-14T06:17:00,19.3,71.5,0.376,0.185,3.81,2.092
2026-08-14T06:17:00,19.3,71.6,0.406,0.196,3.793,2.226
2026-08-14T06:17:00,19.3,71.7,0.388,0.162,4.013,2.2
2026-08-14T06:17:00,19.3,71.8,0.383,0.146,4.008,2.222
2026-08-14T06:17:00,19.3,71.9,0.395,0.139,3.992,2.356
2026-08-14T06:17:00,19.3,72.0,0.375,0.125,4.023,2.158
2026-08-14T06:17:00,19.3,72.1,0.405,0.15,4.242,2.366
2026-08-14T06:17:00,19.4,71.0,0.407,0.201,4.151,2.321
2026-08-14T06:17:00,19.4,71.1,0.41,0.22,4.168,2.338
2026-08-14T06:17:00,19.4,71.2,0.398,0.198,4.068,2.404
2026-08-14T06:17:00,19.4,71.3,0.398,0.216,3.991,2.32
2026-08-14T06:17:00,19.4,71.4,0.398,0.198,3.793,2.38
2026-08-14T06:17:00,19.4,71.5,0.407,0.231,3.857,2.316
2026-08-14T06:17:00,19.4,71.6,0.41,0.213,4.063,2.217
2026-08-14T06:17:00,19.4,71.7,0.372,0.182,3.871,2.22
2026-08-14T06:17:00,19.4,71.8,0.38,0.188,4.004,2.087
2026-08-14T06:17:00,19.4,71.9,0.376,0.18,4.122,2.166
2026-08-14T06:17:00,19.4,72.0,0.409,0.169,4.066,2.196
2026-08-14T06:17:00,19.4,72.1,0.395,0.152,4.127,2.425
2026-08-14T06:17:00,19.5,71.0,0.389,0.203,4.149,2.216
2026-08-14T06:17:00,19.5,71.1,0.413,0.214,4.094,2.198
2026-08-14T06:17:00,19.5,71.2,0.381,0.23,3.774,2.352
2026-08-14T06:17:00,19.5,71.3,0.401,0.218,3.954,2.165
2026-08-14T06:17:00,19.5,71.4,0.4,0.233,3.774,2.362
2026-08-14T06:17:00,19.5,71.5,0.371,0.182,4.026,2.289
2026-08-14T06:17:00,19.5,71.6,0.389,0.195,3.974,2.016
2026-08-14T06:17:00,19.5,71.7,0.415,0.207,4.092,2.234
2026-08-14T06:17:00,19.5,71.8,0.366,0.151,3.822,2.192
2026-08-14T06:17:00,19.5,71.9,0.39,0.165,3.882,2.253
2026-08-14T06:17:00,19.5,72.0,0.385,0.155,4.218,2.102
2026-08-14T06:17:00,19.5,72.1,0.423,0.14,4.301,2.118
2026-08-14T06:17:00,19.6,71.0,0.364,0.183,4.218,2.083
2026-08-14T06:17:00,19.6,71.1,0.367,0.206,3.927,2.141
2026-08-14T06:17:00,19.6,71.2,0.362,0.232,4.071,2.065
2026-08-14T06:17:00,19.6,71.3,0.411,0.24,3.812,2.202
2026-08-14T06:17:00,19.6,71.4,0.383,0.203,3.856,2.074
2026-08-14T06:17:00,19.6,71.5,0.392,0.215,3.89,1.996
2026-08-14T06:17:00,19.6,71.6,0.382,0.221,4.046,1.983
2026-08-14T06:17:00,19.6,71.7,0.419,0.194,3.785,1.95
2026-08-14T06:17:00,19.6,71.8,0.36,0.185,3.957,2.096
2026-08-14T06:17:00,19.6,71.9,0.418,0.136,4.061,2.087
2026-08-14T06:17:00,19.6,72.0,0.386,0.169,4.094,2.091
2026-08-14T06:17:00,19.6,72.1,0.37,0.145,4.128,2.101
2026-08-14T06:17:00,19.7,71.0,0.369,0.194,4.065,2.092
2026-08-14T06:17:00,19.7,71.1,0.399,0.202,3.98,2.025
2026-08-14T06:17:00,19.7,71.2,0.381,0.212,4.134,2.088
2026-08-14T06:17:00,19.7,71.3,0.39,0.195,3.91,2.137
2026-08-14T06:17:00,19.7,71.4,0.356,0.228,4.096,2.255
2026-08-14T06:17:00,19.7,71.5,0.395,0.204,3.732,2.217
2026-08-14T06:17:00,19.7,71.6,0.353,0.194,4.007,2.245
2026-08-14T06:17:00,19.7,71.7,0.353,0.192,4.05,1.986
2026-08-14T06:17:00,19.7,71.8,0.351,0.163,4.074,2.049
2026-08-14T06:17:00,19.7,71.9,0.379,0.159,4.097,2.029
2026-08-14T06:17:00,19.7,72.0,0.405,0.169,3.968,1.875
2026-08-14T06:17:00,19.7,72.1,0.403,0.159,4.198,2.087
2026-08-14T06:17:00,19.8,71.0,0.338,0.211,3.891,1.823
2026-08-14T06:17:00,19.8,71.1,0.394,0.236,4.029,1.917
2026-08-14T06:17:00,19.8,71.2,0.339,0.22,4.084,1.914
2026-08-14T06:17:00,19.8,71.3,0.342,0.205,4.061,1.808
2026-08-14T06:17:00,19.8,71.4,0.341,0.194,3.94,1.863
2026-08-14T06:17:00,19.8,71.5,0.361,0.224,3.805,2.083
2026-08-14T06:17:00,19.8,71.6,0.363,0.214,4.055,1.94
2026-08-14T06:17:00,19.8,71.7,0.339,0.163,4.104,1.864
2026-08-14T06:17:00,19.8,71.8,0.364,0.202,4.071,1.898
2026-08-14T06:17:00,19.8,71.9,0.361,0.169,3.888,2.097
2026-08-14T06:17:00,19.8,72.0,0.355,0.16,4.155,1.849
2026-08-14T06:17:00,19.8,72.1,0.344,0.138,4.028,2.101
2026-08-14T09:17:00,19.0,71.0,0.387,0.214,3.976,2.469
2026-08-14T09:17:00,19.0,71.1,0.37,0.197,4.127,2.191
2026-08-14T09:17:00,19.0,71.2,0.397,0.217,4.014,2.571
2026-08-14T09:17:00,19.0,71.3,0.383,0.191,4.085,2.441
2026-08-14T09:17:00,19.0,71.4,0.399,0.21,4.07,2.53
2026-08-14T09:17:00,19.0,71.5,0.362,0.192,3.74,2.448
2026-08-14T09:17:00,19.0,71.6,0.365,0.212,4.01,2.48
2026-08-14T09:17:00,19.0,71.7,0.377,0.166,3.866,2.463
2026-08-14T09:17:00,19.0,71.8,0.353,0.175,4.032,2.519
2026-08-14T09:17:00,19.0,71.9,0.343,0.137,3.845,2.365
2026-08-14T09:17:00,19.0,72.0,0.355,0.138,3.93,2.196
2026-08-14T09:17:00,19.0,72.1,0.347,0.171,4.17,2.521
2026-08-14T09:17:00,19.1,71.0,0.411,0.221,4.107,2.211
2026-08-14T09:17:00,19.1,71.1,0.406,0.196,4.042,2.523
2026-08-14T09:17:00,19.1,71.2,0.388,0.248,4.101,2.441
2026-08-14T09:17:00,19.1,71.3,0.369,0.217,4.092,2.419
2026-08-14T09:17:00,19.1,71.4,0.409,0.2,3.874,2.525
2026-08-14T09:17:00,19.1,71.5,0.4,0.195,3.765,2.193
2026-08-14T09:17:00,19.1,71.6,0.401,0.189,3.843,2.187
2026-08-14T09:17:00,19.1,71.7,0.411,0.17,3.907,2.36
2026-08-14T09:17:00,19.1,71.8,0.41,0.179,3.834,2.36
2026-08-14T09:17:00,19.1,71.9,0.363,0.177,3.891,2.42
2026-08-14T09:17:00,19.1,72.0,0.409,0.164,3.894,2.192
2026-08-14T09:17:00,19.1,72.1,0.388,0.129,4.086,2.522
2026-08-14T09:17:00,19.2,71.0,0.372,0.221,4.197,2.395
2026-08-14T09:17:00,19.2,71.1,0.379,0.23,4.141,2.359
2026-08-14T09:17:00,19.2,71.2,0.394,0.246,3.939,2.304
2026-08-14T09:17:00,19.2,71.3,0.414,0.235,4.032,2.345
2026-08-14T09:17:00,19.2,71.4,0.364,0.241,4.03,2.322
2026-08-14T09:17:00,19.2,71.5,0.397,0.232,3.844,2.402
2026-08-14T09:17:00,19.2,71.6,0.387,0.203,4.093,2.166
2026-08-14T09:17:00,19.2,71.7,0.395,0.212,3.763,2.313
2026-08-14T09:17:00,19.2,71.8,0.409,0.181,3.833,2.145
2026-08-14T09:17:00,19.2,71.9,0.386,0.142,4.082,2.488
2026-08-14T09:17:00,19.2,72.0,0.401,0.143,3.887,2.382
2026-08-14T09:17:00,19.2,72.1,0.408,0.123,3.985,2.417
2026-08-14T09:17:00,19.3,71.0,0.404,0.212,3.849,2.302
2026-08-14T09:17:00,19.3,71.1,0.387,0.22,4.113,2.266
2026-08-14T09:17:00,19.3,71.2,0.429,0.192,3.765,2.401
2026-08-14T09:17:00,19.3,71.3,0.371,0.196,4.04,2.353
2026-08-14T09:17:00,19.3,71.4,0.396,0.224,4.053,2.146
2026-08-14T09:17:00,19.3,71.5,0.404,0.231,3.715,2.143
2026-08-14T09:17:00,19.3,71.6,0.408,0.194,4.077,2.105
2026-08-14T09:17:00,19.3,71.7,0.411,0.162,3.8,2.106
2026-08-14T09:17:00,19.3,71.8,0.387,0.19,3.945,2.155
2026-08-14T09:17:00,19.3,71.9,0.404,0.18,3.846,2.285
2026-08-14T09:17:00,19.3,72.0,0.417,0.135,4.174,2.257
2026-08-14T09:17:00,19.3,72.1,0.417,0.173,4.179,2.216
2026-08-14T09:17:00,19.4,71.0,0.428,0.217,3.879,2.37
2026-08-14T09:17:00,19.4,71.1,0.417,0.234,4.016,2.17
2026-08-14T09:17:00,19.4,71.2,0.377,0.198,3.909,2.314
2026-08-14T09:17:00,19.4,71.3,0.403,0.215,4.088,2.052
2026-08-14T09:17:00,19.4,71.4,0.376,0.234,3.948,2.347
2026-08-14T09:17:00,19.4,71.5,0.371,0.205,3.703,2.108
2026-08-14T09:17:00,19.4,71.6,0.375,0.205,4.065,2.202
2026-08-14T09:17:00,19.4,71.7,0.418,0.2,4.008,2.118
2026-08-14T09:17:00,19.4,71.8,0.408,0.173,3.927,2.411
2026-08-14T09:17:00,19.4,71.9,0.406,0.133,3.876,2.236
2026-08-14T09:17:00,19.4,72.0,0.427,0.159,4.166,2.175
2026-08-14T09:17:00,19.4,72.1,0.37,0.128,3.955,2.248
2026-08-14T09:17:00,19.5,71.0,0.372,0.204,4.128,2.196
2026-08-14T09:17:00,19.5,71.1,0.38,0.234,4.043,2.091
2026-08-14T09:17:00,19.5,71.2,0.378,0.238,4.017,2.367
2026-08-14T09:17:00,19.5,71.3,0.395,0.199,3.985,1.997
2026-08-14T09:17:00,19.5,71.4,0.405,0.201,3.877,2.114
2026-08-14T09:17:00,19.5,71.5,0.415,0.221,3.718,2.276
2026-08-14T09:17:00,19.5,71.6,0.422,0.176,4.024,2.174
2026-08-14T09:17:00,19.5,71.7,0.373,0.208,4.019,2.217
2026-08-14T09:17:00,19.5,71.8,0.386,0.154,4.033,2.11
2026-08-14T09:17:00,19.5,71.9,0.413,0.15,3.843,2.275
2026-08-14T09:17:00,19.5,72.0,0.419,0.144,3.941,2.168
2026-08-14T09:17:00,19.5,72.1,0.395,0.168,3.966,2.351
2026-08-14T09:17:00,19.6,71.0,0.386,0.206,3.878,2.209
2026-08-14T09:17:00,19.6,71.1,0.397,0.246,3.86,1.972
2026-08-14T09:17:00,19.6,71.2,0.4,0.194,3.798,2.262
2026-08-14T09:17:00,19.6,71.3,0.386,0.199,3.855,2.276
2026-08-14T09:17:00,19.6,71.4,0.395,0.231,3.958,2.166
2026-08-14T09:17:00,19.6,71.5,0.369,0.234,4.042,1.956
2026-08-14T09:17:00,19.6,71.6,0.41,0.195,4.108,2.158
2026-08-14T09:17:00,19.6,71.7,0.409,0.171,4.023,2.215
2026-08-14T09:17:00,19.6,71.8,0.374,0.162,3.994,2.278
2026-08-14T09:17:00,19.6,71.9,0.394,0.14,4.033,1.923
2026-08-14T09:17:00,19.6,72.0,0.418,0.124,4.041,2.228
2026-08-14T09:17:00,19.6,72.1,0.361,0.146,4.099,2.24
2026-08-14T09:17:00,19.7,71.0,0.397,0.21,3.92,2.084
2026-08-14T09:17:00,19.7,71.1,0.349,0.232,4.159,1.914
2026-08-14T09:17:00,19.7,71.2,0.366,0.229,3.779,2.053
2026-08-14T09:17:00,19.7,71.3,0.366,0.231,4.061,2.16
2026-08-14T09:17:00,19.7,71.4,0.349,0.211,4.012,2.211
2026-08-14T09:17:00,19.7,71.5,0.372,0.223,3.849,2.047
2026-08-14T09:17:00,19.7,71.6,0.386,0.217,3.738,2.218
2026-08-14T09:17:00,19.7,71.7,0.368,0.156,3.901,1.969
2026-08-14T09:17:00,19.7,71.8,0.405,0.175,4.08,2.176
2026-08-14T09:17:00,19.7,71.9,0.353,0.184,4.098,1.883
2026-08-14T09:17:00,19.7,72.0,0.405,0.162,4.208,1.905
2026-08-14T09:17:00,19.7,72.1,0.37,0.151,4.054,1.931
2026-08-14T09:17:00,19.8,71.0,0.368,0.186,4.107,1.885
2026-08-14T09:17:00,19.8,71.1,0.393,0.202,3.824,1.994
2026-08-14T09:17:00,19.8,71.2,0.391,0.225,4.127,1.887
2026-08-14T09:17:00,19.8,71.3,0.379,0.202,3.859,1.91
2026-08-14T09:17:00,19.8,71.4,0.375,0.2,3.728,1.941
2026-08-14T09:17:00,19.8,71.5,0.363,0.207,3.75,2.087
2026-08-14T09:17:00,19.8,71.6,0.375,0.198,3.827,2.051
2026-08-14T09:17:00,19.8,71.7,0.382,0.211,4.054,2.179
2026-08-14T09:17:00,19.8,71.8,0.338,0.196,3.946,1.835
2026-08-14T09:17:00,19.8,71.9,0.388,0.148,4.186,1.847
2026-08-14T09:17:00,19.8,72.0,0.351,0.163,4.051,2.153
2026-08-14T09:17:00,19.8,72.1,0.366,0.152,4.025,2.191
2026-08-14T12:17:00,19.0,71.0,0.374,0.19,3.962,2.364
2026-08-14T12:17:00,19.0,71.1,0.38,0.205,3.804,2.535
2026-08-14T12:17:00,19.0,71.2,0.356,0.247,4.001,2.351
2026-08-14T12:17:00,19.0,71.3,0.362,0.227,3.848,2.424
2026-08-14T12:17:00,19.0,71.4,0.384,0.234,3.881,2.308
2026-08-14T12:17:00,19.0,71.5,0.35,0.223,3.769,2.291
2026-08-14T12:17:00,19.0,71.6,0.371,0.224,4.018,2.205
2026-08-14T12:17:00,19.0,71.7,0.363,0.181,3.797,2.556
2026-08-14T12:17:00,19.0,71.8,0.385,0.159,4.152,2.522
2026-08-14T12:17:00,19.0,71.9,0.383,0.171,3.865,2.282
2026-08-14T12:17:00,19.0,72.0,0.344,0.14,3.903,2.291
2026-08-14T12:17:00,19.0,72.1,0.353,0.148,3.921,2.313
2026-08-14T12:17:00,19.1,71.0,0.375,0.205,4.04,2.228
2026-08-14T12:17:00,19.1,71.1,0.372,0.243,3.941,2.363
2026-08-14T12:17:00,19.1,71.2,0.363,0.217,3.871,2.165
2026-08-14T12:17:00,19.1,71.3,0.398,0.247,3.85,2.445
2026-08-14T12:17:00,19.1,71.4,0.383,0.201,4.081,2.555
2026-08-14T12:17:00,19.1,71.5,0.389,0.185,3.927,2.526
2026-08-14T12:17:00,19.1,71.6,0.381,0.207,4.003,2.523
2026-08-14T12:17:00,19.1,71.7,0.362,0.187,3.854,2.324
2026-08-14T12:17:00,19.1,71.8,0.405,0.169,3.8,2.185
2026-08-14T12:17:00,19.1,71.9,0.393,0.166,3.893,2.537
2026-08-14T12:17:00,19.1,72.0,0.371,0.123,4.068,2.341
2026-08-14T12:17:00,19.1,72.1,0.394,0.12,4.112,2.241
2026-08-14T12:17:00,19.2,71.0,0.382,0.219,4.201,2.493
2026-08-14T12:17:00,19.2,71.1,0.385,0.197,4.12,2.277
2026-08-14T12:17:00,19.2,71.2,0.386,0.207,3.884,2.52
2026-08-14T12:17:00,19.2,71.3,0.416,0.194,4.009,2.307
2026-08-14T12:17:00,19.2,71.4,0.423,0.232,3.818,2.452
2026-08-14T12:17:00,19.2,71.5,0.422,0.201,4.059,2.185
2026-08-14T12:17:00,19.2,71.6,0.399,0.171,3.793,2.319
2026-08-14T12:17:00,19.2,71.7,0.415,0.213,3.757,2.513
2026-08-14T12:17:00,19.2,71.8,0.409,0.147,3.926,2.495
2026-08-14T12:17:00,19.2,71.9,0.388,0.164,4.088,2.431
2026-08-14T12:17:00,19.2,72.0,0.372,0.132,4.005,2.351
2026-08-14T12:17:00,19.2,72.1,0.366,0.164,4.241,2.251
2026-08-14T12:17:00,19.3,71.0,0.402,0.21,3.834,2.087
2026-08-14T12:17:00,19.3,71.1,0.385,0.245,4.113,2.275
2026-08-14T12:17:00,19.3,71.2,0.408,0.244,3.91,2.283
2026-08-14T12:17:00,19.3,71.3,0.41,0.203,3.765,2.197
2026-08-14T12:17:00,19.3,71.4,0.428,0.188,4.001,2.319
2026-08-14T12:17:00,19.3,71.5,0.403,0.228,3.952,2.277
2026-08-14T12:17:00,19.3,71.6,0.41,0.173,3.915,2.316
2026-08-14T12:17:00,19.3,71.7,0.42,0.164,3.754,2.214
2026-08-14T12:17:00,19.3,71.8,0.421,0.15,3.828,2.195
2026-08-14T12:17:00,19.3,71.9,0.394,0.186,3.946,2.202
2026-08-14T12:17:00,19.3,72.0,0.401,0.177,4.058,2.393
2026-08-14T12:17:00,19.3,72.1,0.38,0.12,4.209,2.304
2026-08-14T12:17:00,19.4,71.0,0.422,0.232,4.098,2.156
2026-08-14T12:17:00,19.4,71.1,0.411,0.229,3.817,2.268
2026-08-14T12:17:00,19.4,71.2,0.419,0.191,3.95,2.185
2026-08-14T12:17:00,19.4,71.3,0.399,0.209,4.082,2.077
2026-08-14T12:17:00,19.4,71.4,0.379,0.197,3.778,2.395
2026-08-14T12:17:00,19.4,71.5,0.407,0.226,3.911,2.249
2026-08-14T12:17:00,19.4,71.6,0.403,0.211,3.755,2.22
2026-08-14T12:17:00,19.4,71.7,0.374,0.203,4.1,2.228
2026-08-14T12:17:00,19.4,71.8,0.389,0.164,4.089,2.392
2026-08-14T12:17:00,19.4,71.9,0.406,0.177,3.941,2.32
2026-08-14T12:17:00,19.4,72.0,0.372,0.17,3.942,2.379
2026-08-14T12:17:00,19.4,72.1,0.378,0.128,3.958,2.088
2026-08-14T12:17:00,19.5,71.0,0.371,0.224,4.137,2.011
2026-08-14T12:17:00,19.5,71.1,0.413,0.233,3.796,2.023
2026-08-14T12:17:00,19.5,71.2,0.414,0.221,3.767,2.028
2026-08-14T12:17:00,19.5,71.3,0.382,0.193,3.984,2.282
2026-08-14T12:17:00,19.5,71.4,0.413,0.239,3.785,2.34
2026-08-14T12:17:00,19.5,71.5,0.378,0.197,3.737,2.318
2026-08-14T12:17:00,19.5,71.6,0.423,0.222,3.849,2.044
2026-08-14T12:17:00,19.5,71.7,0.396,0.198,3.828,2.208
2026-08-14T12:17:00,19.5,71.8,0.372,0.177,3.768,2.067
2026-08-14T12:17:00,19.5,71.9,0.378,0.148,4.164,2.195
2026-08-14T12:17:00,19.5,72.0,0.425,0.127,3.938,2.182
2026-08-14T12:17:00,19.5,72.1,0.409,0.136,4.143,2.156
2026-08-14T12:17:00,19.6,71.0,0.416,0.193,3.966,2.073
2026-08-14T12:17:00,19.6,71.1,0.372,0.202,3.824,2.315
2026-08-14T12:17:00,19.6,71.2,0.366,0.197,3.797,2.226
2026-08-14T12:17:00,19.6,71.3,0.401,0.222,3.734,2.052
2026-08-14T12:17:00,19.6,71.4,0.366,0.201,3.943,2.046
2026-08-14T12:17:00,19.6,71.5,0.417,0.202,3.922,2.037
2026-08-14T12:17:00,19.6,71.6,0.41,0.177,3.738,2.257
2026-08-14T12:17:00,19.6,71.7,0.387,0.195,3.803,2.32
2026-08-14T12:17:00,19.6,71.8,0.388,0.148,3.938,2.184
2026-08-14T12:17:00,19.6,71.9,0.364,0.139,3.964,2.157
2026-08-14T12:17:00,19.6,72.0,0.365,0.177,4.244,1.947
2026-08-14T12:17:00,19.6,72.1,0.417,0.135,4.146,2.317
2026-08-14T12:17:00,19.7,71.0,0.355,0.233,4.114,1.972
2026-08-14T12:17:00,19.7,71.1,0.391,0.223,3.888,2.177
2026-08-14T12:17:00,19.7,71.2,0.386,0.214,3.933,2.102
2026-08-14T12:17:00,19.7,71.3,0.372,0.218,3.829,2.168
2026-08-14T12:17:00,19.7,71.4,0.354,0.199,3.902,2.112
2026-08-14T12:17:00,19.7,71.5,0.356,0.182,3.722,1.888
2026-08-14T12:17:00,19.7,71.6,0.389,0.224,3.863,2.133
2026-08-14T12:17:00,19.7,71.7,0.357,0.191,3.769,1.892
2026-08-14T12:17:00,19.7,71.8,0.393,0.188,4.08,1.942
2026-08-14T12:17:00,19.7,71.9,0.388,0.16,3.908,1.999
2026-08-14T12:17:00,19.7,72.0,0.399,0.154,4.234,1.874
2026-08-14T12:17:00,19.7,72.1,0.374,0.169,4.061,1.987
2026-08-14T12:17:00,19.8,71.0,0.357,0.21,3.837,2.025
2026-08-14T12:17:00,19.8,71.1,0.386,0.206,4.061,1.999
2026-08-14T12:17:00,19.8,71.2,0.342,0.233,3.938,1.847
2026-08-14T12:17:00,19.8,71.3,0.375,0.228,3.992,2.032
2026-08-14T12:17:00,19.8,71.4,0.363,0.235,3.906,1.959
2026-08-14T12:17:00,19.8,71.5,0.364,0.234,3.947,1.944
2026-08-14T12:17:00,19.8,71.6,0.393,0.185,3.721,1.821
2026-08-14T12:17:00,19.8,71.7,0.385,0.175,4.028,1.814
2026-08-14T12:17:00,19.8,71.8,0.388,0.162,3.801,1.941
2026-08-14T12:17:00,19.8,71.9,0.356,0.152,4.068,1.902
2026-08-14T12:17:00,19.8,72.0,0.373,0.157,4.217,1.829
2026-08-14T12:17:00,19.8,72.1,0.353,0.135,3.915,1.933
