mmsi,latitude,longitude,base_date_time,sog,cog,heading,vessel_name,vessel_type,imo,status
235101303,14.8,80.65,2017-01-27T12:00:00Z,14.0,195.0,195.0,BW Maple,LPG Tanker,9320752,0
419000988,12.6,81.2,2017-01-27T12:00:00Z,10.0,330.0,330.0,Dawn Kanchipuram,Oil Products Tanker,9116917,0
235101303,14.77505,80.650434,2017-01-27T12:10:00Z,14.0,195.1,195.1,BW Maple,LPG Tanker,9320752,0
419000988,12.610132,81.194103,2017-01-27T12:10:00Z,10.0,329.8,329.8,Dawn Kanchipuram,Oil Products Tanker,9116917,0
235101303,14.750101,80.650856,2017-01-27T12:20:00Z,14.0,195.2,195.2,BW Maple,LPG Tanker,9320752,0
419000988,12.620263,81.188186,2017-01-27T12:20:00Z,10.0,329.5,329.5,Dawn Kanchipuram,Oil Products Tanker,9116917,0
235101303,14.725151,80.651253,2017-01-27T12:30:00Z,14.0,195.2,195.2,BW Maple,LPG Tanker,9320752,0
419000988,12.630395,81.18223,2017-01-27T12:30:00Z,10.0,329.3,329.3,Dawn Kanchipuram,Oil Products Tanker,9116917,0
235101303,14.700201,80.651614,2017-01-27T12:40:00Z,14.0,195.3,195.3,BW Maple,LPG Tanker,9320752,0
419000988,12.640527,81.176216,2017-01-27T12:40:00Z,10.0,329.0,329.0,Dawn Kanchipuram,Oil Products Tanker,9116917,0
235101303,14.675251,80.651924,2017-01-27T12:50:00Z,14.0,195.4,195.4,BW Maple,LPG Tanker,9320752,0
419000988,12.650659,81.170125,2017-01-27T12:50:00Z,10.0,328.8,328.8,Dawn Kanchipuram,Oil Products Tanker,9116917,0
235101303,14.650302,80.652174,2017-01-27T13:00:00Z,14.0,195.5,195.5,BW Maple,LPG Tanker,9320752,0
419000988,12.66079,81.163937,2017-01-27T13:00:00Z,10.0,328.5,328.5,Dawn Kanchipuram,Oil Products Tanker,9116917,0
235101303,14.625352,80.65235,2017-01-27T13:10:00Z,14.0,195.6,195.6,BW Maple,LPG Tanker,9320752,0
419000988,12.670922,81.157633,2017-01-27T13:10:00Z,10.0,328.3,328.3,Dawn Kanchipuram,Oil Products Tanker,9116917,0
235101303,14.600402,80.652441,2017-01-27T13:20:00Z,14.0,195.6,195.6,BW Maple,LPG Tanker,9320752,0
419000988,12.681054,81.151196,2017-01-27T13:20:00Z,10.0,328.1,328.1,Dawn Kanchipuram,Oil Products Tanker,9116917,0
235101303,14.575452,80.652436,2017-01-27T13:30:00Z,14.0,195.7,195.7,BW Maple,LPG Tanker,9320752,0
419000988,12.691185,81.144607,2017-01-27T13:30:00Z,10.0,327.8,327.8,Dawn Kanchipuram,Oil Products Tanker,9116917,0
235101303,14.550503,80.652323,2017-01-27T13:40:00Z,14.0,195.8,195.8,BW Maple,LPG Tanker,9320752,0
419000988,12.701317,81.137849,2017-01-27T13:40:00Z,10.0,327.6,327.6,Dawn Kanchipuram,Oil Products Tanker,9116917,0
235101303,14.525553,80.652091,2017-01-27T13:50:00Z,14.0,195.9,195.9,BW Maple,LPG Tanker,9320752,0
419000988,12.711449,81.130904,2017-01-27T13:50:00Z,10.0,327.3,327.3,Dawn Kanchipuram,Oil Products Tanker,9116917,0
235101303,14.500603,80.651729,2017-01-27T14:00:00Z,14.0,196.0,196.0,BW Maple,LPG Tanker,9320752,0
419000988,12.721581,81.123755,2017-01-27T14:00:00Z,10.0,327.1,327.1,Dawn Kanchipuram,Oil Products Tanker,9116917,0
235101303,14.475653,80.651227,2017-01-27T14:10:00Z,14.0,196.0,196.0,BW Maple,LPG Tanker,9320752,0
419000988,12.731712,81.116386,2017-01-27T14:10:00Z,10.0,326.9,326.9,Dawn Kanchipuram,Oil Products Tanker,9116917,0
235101303,14.450704,80.650575,2017-01-27T14:20:00Z,14.0,196.1,196.1,BW Maple,LPG Tanker,9320752,0
419000988,12.741844,81.108781,2017-01-27T14:20:00Z,10.0,326.6,326.6,Dawn Kanchipuram,Oil Products Tanker,9116917,0
235101303,14.425754,80.649763,2017-01-27T14:30:00Z,14.0,196.2,196.2,BW Maple,LPG Tanker,9320752,0
419000988,12.751976,81.100926,2017-01-27T14:30:00Z,10.0,326.4,326.4,Dawn Kanchipuram,Oil Products Tanker,9116917,0
235101303,14.400804,80.648782,2017-01-27T14:40:00Z,14.0,196.3,196.3,BW Maple,LPG Tanker,9320752,0
419000988,12.762107,81.092805,2017-01-27T14:40:00Z,10.0,326.1,326.1,Dawn Kanchipuram,Oil Products Tanker,9116917,0
235101303,14.375854,80.647624,2017-01-27T14:50:00Z,14.0,196.3,196.3,BW Maple,LPG Tanker,9320752,0
419000988,12.772239,81.084405,2017-01-27T14:50:00Z,10.0,325.9,325.9,Dawn Kanchipuram,Oil Products Tanker,9116917,0
235101303,14.350905,80.646278,2017-01-27T15:00:00Z,14.0,196.4,196.4,BW Maple,LPG Tanker,9320752,0
419000988,12.782371,81.075713,2017-01-27T15:00:00Z,10.0,325.6,325.6,Dawn Kanchipuram,Oil Products Tanker,9116917,0
235101303,14.325955,80.644739,2017-01-27T15:10:00Z,14.0,196.5,196.5,BW Maple,LPG Tanker,9320752,0
419000988,12.792502,81.066717,2017-01-27T15:10:00Z,10.0,325.4,325.4,Dawn Kanchipuram,Oil Products Tanker,9116917,0
235101303,14.301005,80.642997,2017-01-27T15:20:00Z,14.0,196.6,196.6,BW Maple,LPG Tanker,9320752,0
419000988,12.802634,81.057404,2017-01-27T15:20:00Z,10.0,325.2,325.2,Dawn Kanchipuram,Oil Products Tanker,9116917,0
235101303,14.276055,80.641047,2017-01-27T15:30:00Z,14.0,196.7,196.7,BW Maple,LPG Tanker,9320752,0
419000988,12.812766,81.047765,2017-01-27T15:30:00Z,10.0,324.9,324.9,Dawn Kanchipuram,Oil Products Tanker,9116917,0
235101303,14.251106,80.638881,2017-01-27T15:40:00Z,14.0,196.7,196.7,BW Maple,LPG Tanker,9320752,0
419000988,12.822898,81.037789,2017-01-27T15:40:00Z,10.0,324.7,324.7,Dawn Kanchipuram,Oil Products Tanker,9116917,0
235101303,14.226156,80.636494,2017-01-27T15:50:00Z,14.0,196.8,196.8,BW Maple,LPG Tanker,9320752,0
419000988,12.833029,81.027467,2017-01-27T15:50:00Z,10.0,324.4,324.4,Dawn Kanchipuram,Oil Products Tanker,9116917,0
235101303,14.201206,80.633881,2017-01-27T16:00:00Z,14.0,196.9,196.9,BW Maple,LPG Tanker,9320752,0
419000988,12.843161,81.016792,2017-01-27T16:00:00Z,10.0,324.2,324.2,Dawn Kanchipuram,Oil Products Tanker,9116917,0
235101303,14.176256,80.631036,2017-01-27T16:10:00Z,14.0,197.0,197.0,BW Maple,LPG Tanker,9320752,0
419000988,12.853293,81.005755,2017-01-27T16:10:00Z,10.0,324.0,324.0,Dawn Kanchipuram,Oil Products Tanker,9116917,0
235101303,14.151307,80.627955,2017-01-27T16:20:00Z,14.0,197.1,197.1,BW Maple,LPG Tanker,9320752,0
419000988,12.863424,80.994351,2017-01-27T16:20:00Z,10.0,323.7,323.7,Dawn Kanchipuram,Oil Products Tanker,9116917,0
235101303,14.126357,80.624636,2017-01-27T16:30:00Z,14.0,197.1,197.1,BW Maple,LPG Tanker,9320752,0
419000988,12.873556,80.982575,2017-01-27T16:30:00Z,10.0,323.5,323.5,Dawn Kanchipuram,Oil Products Tanker,9116917,0
235101303,14.101407,80.621073,2017-01-27T16:40:00Z,14.0,197.2,197.2,BW Maple,LPG Tanker,9320752,0
419000988,12.883688,80.970421,2017-01-27T16:40:00Z,10.0,323.2,323.2,Dawn Kanchipuram,Oil Products Tanker,9116917,0
235101303,14.076457,80.617266,2017-01-27T16:50:00Z,14.0,197.3,197.3,BW Maple,LPG Tanker,9320752,0
419000988,12.89382,80.957886,2017-01-27T16:50:00Z,10.0,323.0,323.0,Dawn Kanchipuram,Oil Products Tanker,9116917,0
235101303,14.051508,80.613212,2017-01-27T17:00:00Z,14.0,197.4,197.4,BW Maple,LPG Tanker,9320752,0
419000988,12.903951,80.944969,2017-01-27T17:00:00Z,10.0,322.7,322.7,Dawn Kanchipuram,Oil Products Tanker,9116917,0
235101303,14.026558,80.608911,2017-01-27T17:10:00Z,14.0,197.5,197.5,BW Maple,LPG Tanker,9320752,0
419000988,12.914083,80.931666,2017-01-27T17:10:00Z,10.0,322.5,322.5,Dawn Kanchipuram,Oil Products Tanker,9116917,0
235101303,14.001608,80.60436,2017-01-27T17:20:00Z,14.0,197.5,197.5,BW Maple,LPG Tanker,9320752,0
419000988,12.924215,80.917979,2017-01-27T17:20:00Z,10.0,322.3,322.3,Dawn Kanchipuram,Oil Products Tanker,9116917,0
235101303,13.976658,80.599561,2017-01-27T17:30:00Z,14.0,197.6,197.6,BW Maple,LPG Tanker,9320752,0
419000988,12.934346,80.903908,2017-01-27T17:30:00Z,10.0,322.0,322.0,Dawn Kanchipuram,Oil Products Tanker,9116917,0
235101303,13.951709,80.594515,2017-01-27T17:40:00Z,14.0,197.7,197.7,BW Maple,LPG Tanker,9320752,0
419000988,12.944478,80.889453,2017-01-27T17:40:00Z,10.0,321.8,321.8,Dawn Kanchipuram,Oil Products Tanker,9116917,0
235101303,13.926759,80.589221,2017-01-27T17:50:00Z,14.0,197.8,197.8,BW Maple,LPG Tanker,9320752,0
419000988,12.95461,80.874617,2017-01-27T17:50:00Z,10.0,321.5,321.5,Dawn Kanchipuram,Oil Products Tanker,9116917,0
235101303,13.901809,80.583683,2017-01-27T18:00:00Z,14.0,197.9,197.9,BW Maple,LPG Tanker,9320752,0
419000988,12.964742,80.859405,2017-01-27T18:00:00Z,10.0,321.3,321.3,Dawn Kanchipuram,Oil Products Tanker,9116917,0
235101303,13.876859,80.577902,2017-01-27T18:10:00Z,14.0,197.9,197.9,BW Maple,LPG Tanker,9320752,0
419000988,12.974873,80.84382,2017-01-27T18:10:00Z,10.0,321.0,321.0,Dawn Kanchipuram,Oil Products Tanker,9116917,0
235101303,13.85191,80.571882,2017-01-27T18:20:00Z,14.0,198.0,198.0,BW Maple,LPG Tanker,9320752,0
419000988,12.985005,80.827867,2017-01-27T18:20:00Z,10.0,320.8,320.8,Dawn Kanchipuram,Oil Products Tanker,9116917,0
235101303,13.82696,80.565627,2017-01-27T18:30:00Z,14.0,198.1,198.1,BW Maple,LPG Tanker,9320752,0
419000988,12.995137,80.811553,2017-01-27T18:30:00Z,10.0,320.6,320.6,Dawn Kanchipuram,Oil Products Tanker,9116917,0
235101303,13.80201,80.55914,2017-01-27T18:40:00Z,14.0,198.2,198.2,BW Maple,LPG Tanker,9320752,0
419000988,13.005268,80.794886,2017-01-27T18:40:00Z,10.0,320.3,320.3,Dawn Kanchipuram,Oil Products Tanker,9116917,0
235101303,13.77706,80.552426,2017-01-27T18:50:00Z,14.0,198.3,198.3,BW Maple,LPG Tanker,9320752,0
419000988,13.0154,80.777872,2017-01-27T18:50:00Z,10.0,320.1,320.1,Dawn Kanchipuram,Oil Products Tanker,9116917,0
235101303,13.752111,80.545491,2017-01-27T19:00:00Z,14.0,198.3,198.3,BW Maple,LPG Tanker,9320752,0
419000988,13.025532,80.760522,2017-01-27T19:00:00Z,10.0,319.8,319.8,Dawn Kanchipuram,Oil Products Tanker,9116917,0
235101303,13.727161,80.538341,2017-01-27T19:10:00Z,14.0,198.4,198.4,BW Maple,LPG Tanker,9320752,0
419000988,13.035664,80.742845,2017-01-27T19:10:00Z,10.0,319.6,319.6,Dawn Kanchipuram,Oil Products Tanker,9116917,0
235101303,13.702211,80.530982,2017-01-27T19:20:00Z,14.0,198.5,198.5,BW Maple,LPG Tanker,9320752,0
419000988,13.045795,80.724853,2017-01-27T19:20:00Z,10.0,319.4,319.4,Dawn Kanchipuram,Oil Products Tanker,9116917,0
235101303,13.677261,80.523421,2017-01-27T19:30:00Z,14.0,198.6,198.6,BW Maple,LPG Tanker,9320752,0
419000988,13.055927,80.706555,2017-01-27T19:30:00Z,10.0,319.1,319.1,Dawn Kanchipuram,Oil Products Tanker,9116917,0
235101303,13.652312,80.515666,2017-01-27T19:40:00Z,14.0,198.7,198.7,BW Maple,LPG Tanker,9320752,0
419000988,13.066059,80.687966,2017-01-27T19:40:00Z,10.0,318.9,318.9,Dawn Kanchipuram,Oil Products Tanker,9116917,0
235101303,13.627362,80.507724,2017-01-27T19:50:00Z,14.0,198.7,198.7,BW Maple,LPG Tanker,9320752,0
419000988,13.07619,80.669097,2017-01-27T19:50:00Z,10.0,318.6,318.6,Dawn Kanchipuram,Oil Products Tanker,9116917,0
235101303,13.602412,80.499604,2017-01-27T20:00:00Z,14.0,198.8,198.8,BW Maple,LPG Tanker,9320752,0
419000988,13.086322,80.649964,2017-01-27T20:00:00Z,10.0,318.4,318.4,Dawn Kanchipuram,Oil Products Tanker,9116917,0
235101303,13.577462,80.491316,2017-01-27T20:10:00Z,14.0,198.9,198.9,BW Maple,LPG Tanker,9320752,0
419000988,13.096454,80.630579,2017-01-27T20:10:00Z,10.0,318.1,318.1,Dawn Kanchipuram,Oil Products Tanker,9116917,0
235101303,13.552513,80.482867,2017-01-27T20:20:00Z,14.0,199.0,199.0,BW Maple,LPG Tanker,9320752,0
419000988,13.106585,80.610959,2017-01-27T20:20:00Z,10.0,317.9,317.9,Dawn Kanchipuram,Oil Products Tanker,9116917,0
235101303,13.527563,80.474268,2017-01-27T20:30:00Z,14.0,199.0,199.0,BW Maple,LPG Tanker,9320752,0
419000988,13.116717,80.591119,2017-01-27T20:30:00Z,10.0,317.7,317.7,Dawn Kanchipuram,Oil Products Tanker,9116917,0
235101303,13.502613,80.465529,2017-01-27T20:40:00Z,14.0,199.1,199.1,BW Maple,LPG Tanker,9320752,0
419000988,13.126849,80.571075,2017-01-27T20:40:00Z,10.0,317.4,317.4,Dawn Kanchipuram,Oil Products Tanker,9116917,0
235101303,13.477663,80.456661,2017-01-27T20:50:00Z,14.0,199.2,199.2,BW Maple,LPG Tanker,9320752,0
419000988,13.136981,80.550844,2017-01-27T20:50:00Z,10.0,317.2,317.2,Dawn Kanchipuram,Oil Products Tanker,9116917,0
235101303,13.452714,80.447674,2017-01-27T21:00:00Z,14.0,199.3,199.3,BW Maple,LPG Tanker,9320752,0
419000988,13.147112,80.530443,2017-01-27T21:00:00Z,10.0,316.9,316.9,Dawn Kanchipuram,Oil Products Tanker,9116917,0
235101303,13.427764,80.438579,2017-01-27T21:10:00Z,14.0,199.4,199.4,BW Maple,LPG Tanker,9320752,0
419000988,13.157244,80.509891,2017-01-27T21:10:00Z,10.0,316.7,316.7,Dawn Kanchipuram,Oil Products Tanker,9116917,0
235101303,13.402814,80.429387,2017-01-27T21:20:00Z,14.0,199.4,199.4,BW Maple,LPG Tanker,9320752,0
419000988,13.167376,80.489205,2017-01-27T21:20:00Z,10.0,316.5,316.5,Dawn Kanchipuram,Oil Products Tanker,9116917,0
235101303,13.377864,80.42011,2017-01-27T21:30:00Z,14.0,199.5,199.5,BW Maple,LPG Tanker,9320752,0
419000988,13.177507,80.468404,2017-01-27T21:30:00Z,10.0,316.2,316.2,Dawn Kanchipuram,Oil Products Tanker,9116917,0
235101303,13.352915,80.41076,2017-01-27T21:40:00Z,14.0,199.6,199.6,BW Maple,LPG Tanker,9320752,0
419000988,13.187639,80.447506,2017-01-27T21:40:00Z,10.0,316.0,316.0,Dawn Kanchipuram,Oil Products Tanker,9116917,0
235101303,13.327965,80.401349,2017-01-27T21:50:00Z,14.0,199.7,199.7,BW Maple,LPG Tanker,9320752,0
419000988,13.197771,80.426531,2017-01-27T21:50:00Z,10.0,315.7,315.7,Dawn Kanchipuram,Oil Products Tanker,9116917,0
235101303,13.303015,80.391888,2017-01-27T22:00:00Z,14.0,199.8,199.8,BW Maple,LPG Tanker,9320752,0
419000988,13.207903,80.405498,2017-01-27T22:00:00Z,10.0,315.5,315.5,Dawn Kanchipuram,Oil Products Tanker,9116917,0
235101303,13.278065,80.38239,2017-01-27T22:10:00Z,14.0,199.8,199.8,BW Maple,LPG Tanker,9320752,0
419000988,13.218034,80.384425,2017-01-27T22:10:00Z,10.0,315.2,315.2,Dawn Kanchipuram,Oil Products Tanker,9116917,0
235101303,13.253116,80.372868,2017-01-27T22:20:00Z,14.0,199.9,199.9,BW Maple,LPG Tanker,9320752,0
419000988,13.228166,80.363333,2017-01-27T22:20:00Z,10.0,315.0,315.0,Dawn Kanchipuram,Oil Products Tanker,9116917,0
235101303,13.228166,80.363333,2017-01-27T22:30:00Z,14.0,200.0,200.0,BW Maple,LPG Tanker,9320752,0
235101303,13.228166,80.363333,2017-01-27T22:40:00Z,3.0,195.0,195.0,BW Maple,LPG Tanker,9320752,0
235101303,13.225166,80.362333,2017-01-27T22:50:00Z,3.0,195.0,195.0,BW Maple,LPG Tanker,9320752,0
235101303,13.222166,80.361333,2017-01-27T23:00:00Z,3.0,195.0,195.0,BW Maple,LPG Tanker,9320752,0
235101303,13.219166,80.360333,2017-01-27T23:10:00Z,3.0,195.0,195.0,BW Maple,LPG Tanker,9320752,0
235101303,13.216166,80.359333,2017-01-27T23:20:00Z,3.0,195.0,195.0,BW Maple,LPG Tanker,9320752,0
235101303,13.213166,80.358333,2017-01-27T23:30:00Z,3.0,195.0,195.0,BW Maple,LPG Tanker,9320752,0
235101303,13.210166,80.357333,2017-01-27T23:40:00Z,3.0,195.0,195.0,BW Maple,LPG Tanker,9320752,0
235101303,13.207166,80.356333,2017-01-27T23:50:00Z,3.0,195.0,195.0,BW Maple,LPG Tanker,9320752,0
235101303,13.204166,80.355333,2017-01-28T00:00:00Z,3.0,195.0,195.0,BW Maple,LPG Tanker,9320752,0
235101303,13.201166,80.354333,2017-01-28T00:10:00Z,3.0,195.0,195.0,BW Maple,LPG Tanker,9320752,0
235101303,13.198166,80.353333,2017-01-28T00:20:00Z,3.0,195.0,195.0,BW Maple,LPG Tanker,9320752,0
235101303,13.195166,80.352333,2017-01-28T00:30:00Z,3.0,195.0,195.0,BW Maple,LPG Tanker,9320752,0
235101303,13.192166,80.351333,2017-01-28T00:40:00Z,3.0,195.0,195.0,BW Maple,LPG Tanker,9320752,0
235101303,13.189166,80.350333,2017-01-28T00:50:00Z,3.0,195.0,195.0,BW Maple,LPG Tanker,9320752,0
235101303,13.186166,80.349333,2017-01-28T01:00:00Z,3.0,195.0,195.0,BW Maple,LPG Tanker,9320752,0
235101303,13.183166,80.348333,2017-01-28T01:10:00Z,3.0,195.0,195.0,BW Maple,LPG Tanker,9320752,0
235101303,13.180166,80.347333,2017-01-28T01:20:00Z,3.0,195.0,195.0,BW Maple,LPG Tanker,9320752,0
235101303,13.177166,80.346333,2017-01-28T01:30:00Z,3.0,195.0,195.0,BW Maple,LPG Tanker,9320752,0
235101303,13.174166,80.345333,2017-01-28T01:40:00Z,3.0,195.0,195.0,BW Maple,LPG Tanker,9320752,0
235101303,13.171166,80.344333,2017-01-28T01:50:00Z,3.0,195.0,195.0,BW Maple,LPG Tanker,9320752,0
235101303,13.168166,80.343333,2017-01-28T02:00:00Z,3.0,195.0,195.0,BW Maple,LPG Tanker,9320752,0
235101303,13.165166,80.342333,2017-01-28T02:10:00Z,3.0,195.0,195.0,BW Maple,LPG Tanker,9320752,0
235101303,13.162166,80.341333,2017-01-28T02:20:00Z,3.0,195.0,195.0,BW Maple,LPG Tanker,9320752,0
235101303,13.159166,80.340333,2017-01-28T02:30:00Z,3.0,195.0,195.0,BW Maple,LPG Tanker,9320752,0
235101303,13.156166,80.339333,2017-01-28T02:40:00Z,3.0,195.0,195.0,BW Maple,LPG Tanker,9320752,0
419000988,13.228166,80.364333,2017-01-28T02:40:00Z,0.5,0.0,0.0,Dawn Kanchipuram,Oil Products Tanker,9116917,0
235101303,13.153166,80.338333,2017-01-28T02:50:00Z,3.0,195.0,195.0,BW Maple,LPG Tanker,9320752,0
419000988,13.230166,80.364333,2017-01-28T02:50:00Z,0.5,0.0,0.0,Dawn Kanchipuram,Oil Products Tanker,9116917,0
235101303,13.150166,80.337333,2017-01-28T03:00:00Z,3.0,195.0,195.0,BW Maple,LPG Tanker,9320752,0
419000988,13.232166,80.364333,2017-01-28T03:00:00Z,0.5,0.0,0.0,Dawn Kanchipuram,Oil Products Tanker,9116917,0
235101303,13.147166,80.336333,2017-01-28T03:10:00Z,3.0,195.0,195.0,BW Maple,LPG Tanker,9320752,0
419000988,13.234166,80.364333,2017-01-28T03:10:00Z,0.5,0.0,0.0,Dawn Kanchipuram,Oil Products Tanker,9116917,0
235101303,13.144166,80.335333,2017-01-28T03:20:00Z,3.0,195.0,195.0,BW Maple,LPG Tanker,9320752,0
419000988,13.236166,80.364333,2017-01-28T03:20:00Z,0.5,0.0,0.0,Dawn Kanchipuram,Oil Products Tanker,9116917,0
235101303,13.141166,80.334333,2017-01-28T03:30:00Z,3.0,195.0,195.0,BW Maple,LPG Tanker,9320752,0
419000988,13.238166,80.364333,2017-01-28T03:30:00Z,0.5,0.0,0.0,Dawn Kanchipuram,Oil Products Tanker,9116917,0
235101303,13.138166,80.333333,2017-01-28T03:40:00Z,3.0,195.0,195.0,BW Maple,LPG Tanker,9320752,0
419000988,13.240166,80.364333,2017-01-28T03:40:00Z,0.5,0.0,0.0,Dawn Kanchipuram,Oil Products Tanker,9116917,0
235101303,13.135166,80.332333,2017-01-28T03:50:00Z,3.0,195.0,195.0,BW Maple,LPG Tanker,9320752,0
419000988,13.242166,80.364333,2017-01-28T03:50:00Z,0.5,0.0,0.0,Dawn Kanchipuram,Oil Products Tanker,9116917,0
235101303,13.132166,80.331333,2017-01-28T04:00:00Z,3.0,195.0,195.0,BW Maple,LPG Tanker,9320752,0
419000988,13.244166,80.364333,2017-01-28T04:00:00Z,0.5,0.0,0.0,Dawn Kanchipuram,Oil Products Tanker,9116917,0
235101303,13.129166,80.330333,2017-01-28T04:10:00Z,3.0,195.0,195.0,BW Maple,LPG Tanker,9320752,0
419000988,13.246166,80.364333,2017-01-28T04:10:00Z,0.5,0.0,0.0,Dawn Kanchipuram,Oil Products Tanker,9116917,0
235101303,13.126166,80.329333,2017-01-28T04:20:00Z,3.0,195.0,195.0,BW Maple,LPG Tanker,9320752,0
419000988,13.248166,80.364333,2017-01-28T04:20:00Z,0.5,0.0,0.0,Dawn Kanchipuram,Oil Products Tanker,9116917,0
235101303,13.123166,80.328333,2017-01-28T04:30:00Z,3.0,195.0,195.0,BW Maple,LPG Tanker,9320752,0
419000988,13.250166,80.364333,2017-01-28T04:30:00Z,0.5,0.0,0.0,Dawn Kanchipuram,Oil Products Tanker,9116917,0
